{

  "run_id": { "@SUBST:LIST": [ "ut/run1", "ut/run2", "ut/run3", "ut/run4", "ut/run5", "ut/run6", "ut/run7", "ut/run8", "ut/run9", "ut/run10" ] },
  "fitter": {
    "task_type": "optimal_control_unit_transform",
    "epsilon": 1e-8,
    "impulses_number": 1,
    "nb": 2,
    "iter_max": 1000,
    "h_lambda": 0.005,
    "init_guess": "sqrsin",
    "init_guess_hf": "cos_set",
    "~w_list": {
      "~@SUBST:LIST": [
        [ 0.88, 0.34, 0.92, 0.27, 0.39, 0.82, 0.68 ],
        [ 0.88, 0.34, 0.92, 0.27, 0.39, 0.82, 0.00 ],
        [ 0.88, 0.34, 0.92, 0.27, 0.39, 0.00, 0.00 ],
        [ 0.88, 0.34, 0.92, 0.27, 0.00, 0.00, 0.00 ]
      ]
    },
    "lf_aug_type": "z",
    "pcos": 4,
    "Em": 5,
    "propagation": {
      "pot_type": "none",
      "wf_type": "const",
      "hamil_type": "BH_model",
      "U": 5,
      "delta": 25,
      "Du": 1,
      "np": 1,
      "L": 1.0,
      "nch": 8,
      "t0": 0.0,
      "E0": 40.0,
      "nt": 3500,
      "T": 1.1E-12,
      "~T": { "~@SUBST:LIST": [ 2.95E-13, 3.1E-13, 3.306555E-13, 3.5E-13 ] },
      "~~T": { "~~@SUBST:LIST":
        [
          2.9E-13, 3.1E-13, 3.3E-13, 3.5E-13, 3.7E-13,
          3.9E-13, 4.1E-13, 4.3E-13, 4.5E-13, 4.7E-13,
          4.9E-13, 5.1E-13, 5.3E-13, 5.5E-13, 5.7E-13,
          5.9E-13, 6.1E-13, 6.3E-13, 6.5E-13, 6.7E-13,
          6.9E-13, 7.1E-13, 7.3E-13, 7.5E-13, 7.7E-13,
          7.9E-13, 8.1E-13, 8.3E-13, 8.5E-13, 8.7E-13,
          8.9E-13, 9.1E-13, 9.3E-13, 9.5E-13, 9.7E-13
        ] },
      "sigma": 6.671270E-13,
      "nu_L": 0.299793E14
    },
    "mod_log": 500
  }
}

