{
  "task_type": "optimal_control_unit_transform",
  "pot_type": "none",
  "wf_type": "const",
  "hamil_type": "BH_model",
  "lf_aug_type": "x",
  "init_guess": "sqrsin",
  "init_guess_hf": "sin_set",
  "nb": 1,
  "nlevs": 2,
  "T": 1500E-15,
  "np": 1,
  "L": 1.0,
  "Du": 1.0,
  "U": 30.0,
  "W": 30.0,
  "delta": 15.0,
  "sigma_auto": true,
  "nu_L_auto": true,
  "t0_auto": true,
  "fitter": {
    "epsilon": 1e-6,
    "impulses_number": 1,
    "iter_max": 35,
    "iter_mid_1": 10,
    "iter_mid_2": 35,
    "q": 0.75,
    "h_lambda": 0.00005,
    "h_lambda_mode": "const",
    "hf_hide": false,
    "F_type": "re",
    "pcos": 2.0,
    "w_list": [-1.6379094748909258, -0.88329189261247, -0.006915721187883861],
    "w_list-1500fs-sm-0.999987": [0.5255907844104848, -1.5816843398343599, 0.893287714756811],
    "w_list-1Kfs-sm-0.999992": [-0.6465226026731332, 1.3854025925259514, 1.5587712380560643],
    "w_list-1Kfs-re-0.99995": [-0.9568292377973511, 1.8775124385798652, -1.776064052811892],
    "propagation": {
      "nch": 8,
      "E0": 4000.0,
      "nt": 5000,
      "~nu_L": 17.9875475e11
    },
    "mod_log": 500
  }
}
