{
  "fitter": {
    "task_type": "optimal_control_unit_transform",
    "epsilon": 1e-6,
    "impulses_number": 1,
    "nb": 1,
    "nlevs": 2,
    "iter_max": -1,
    "iter_mid_1": 50,
    "iter_mid_2": 100,
    "q": 0.75,
    "h_lambda": 0.00005,
    "h_lambda_mode": "const",
    "init_guess": "gauss",
    "init_guess_hf": "sin_set",
    "lf_aug_type": "x",
    "hf_hide": false,
    "F_type": "re",
    "pcos": 2.0,
    "w_list": [-0.8784758488857571, 1.8734321856099112, -1.8141382394864882],
    "w_list-3": [-1.936921741473364, 0.6590082773004302, -1.546576759924334],
    "w_list-1": [1.2307289084923911, 1.4085427191976092, 1.667397840922809],
    "w_list-2": [1.4177647532449225, -1.7800150892504654, 1.856743438326642],
    "propagation": {
      "pot_type": "none",
      "wf_type": "const",
      "hamil_type": "BH_model",
      "U": 30.0,
      "W": 30.0,
      "delta": 15.0,
      "Du": 1.0,
      "np": 1,
      "L": 1.0,
      "nch": 8,
      "E0": 40.0,
      "nt": 20000,
      "T": 300E-15,
      "sigma_auto": true,
      "nu_L": 17.9875475e11,
      "~nu_L_auto": true,
      "t0_auto": true
    },
    "mod_log": 500
  }
}
