{
  "run_id": "ut/run3",
  "fitter": {
    "task_type": "optimal_control_unit_transform",
    "epsilon": 1e-8,
    "impulses_number": 1,
    "nb": 2,
    "iter_max": 500,
    "h_lambda": 0.005,
    "init_guess": "sqrsin",
    "init_guess_hf": "cos_set",
    "lf_aug_type": "z",
    "pcos": 4,
    "Em": 5,
    "propagation": {
      "pot_type": "none",
      "wf_type": "const",
      "hamil_type": "BH_model",
      "U": 5,
      "delta": 25,
      "Du": 1,
      "np": 1,
      "L": 1.0,
      "nch": 8,
      "t0": 0.0,
      "E0": 40.0,
      "nt": 3500,
      "T": { "@SUBST:LIST":
        [
           7.0E-13,   7.1E-13,   7.2E-13,   7.3E-13,   7.4E-13,  
           7.5E-13,   7.6E-13,   7.7E-13,   7.8E-13,   7.9E-13,  
           8.0E-13,   8.1E-13,   8.2E-13,   8.3E-13,   8.4E-13,  
           8.5E-13,   8.6E-13,   8.7E-13,   8.8E-13,   8.9E-13,  
           9.0E-13,   9.1E-13,   9.2E-13,   9.3E-13,   9.4E-13,  
           9.5E-13,   9.6E-13,   9.7E-13,   9.8E-13,   9.9E-13,  
           10.0E-13,  10.1E-13,  10.2E-13,  10.3E-13,  10.4E-13,  
           10.5E-13,  10.6E-13,  10.7E-13,  10.8E-13,  10.9E-13
        ]
      },
      "sigma": 6.671270E-13,
      "nu_L": 0.299793E14
    },
    "mod_log": 500
  }
}

