{
  "run_id": "ut/run2",
  "fitter": {
    "task_type": "optimal_control_unit_transform",
    "epsilon": 1e-8,
    "impulses_number": 1,
    "nb": 2,
    "iter_max": 3,
    "h_lambda": 0.005,
    "init_guess": "sqrsin",
    "init_guess_hf": "cos_set",
    "lf_aug_type": "z",
    "pcos": 4,
    "Em": 5,
    "propagation": {
      "pot_type": "none",
      "wf_type": "const",
      "hamil_type": "BH_model",
      "U": 5,
      "delta": 25,
      "Du": 1,
      "np": 1,
      "L": 1.0,
      "nch": 8,
      "t0": 0.0,
      "E0": 40.0,
      "nt": 3500,
      "T": { "@SUBST:LIST":
        [
           1.3E-13,  1.8E-13,  2.3E-13,  2.8E-13,  
           3.3E-13,  3.8E-13,  4.3E-13,  4.8E-13,  
           5.3E-13,  5.8E-13,  6.3E-13,  6.8E-13,  
           7.3E-13,  7.8E-13,  8.3E-13,  8.8E-13,  
           9.3E-13,  9.8E-13, 10.3E-13, 10.8E-13,  
          11.3E-13, 11.8E-13, 12.3E-13, 12.8E-13,  
          13.3E-13, 13.8E-13, 14.3E-13, 14.8E-13,  
          15.3E-13, 15.8E-13, 16.3E-13, 16.8E-13,  
          17.3E-13, 17.8E-13, 18.3E-13, 18.8E-13
        ]
      },
      "sigma": 6.671270E-13,
      "nu_L": 0.299793E14
    },
    "mod_log": 500
  }
}

