{
  "run_id": { "@SUBST:LIST": [ "ut/run5" ] },
  "fitter": {
    "task_type": "optimal_control_unit_transform",
    "epsilon": 1e-8,
    "impulses_number": 1,
    "nb": 2,
    "iter_max": 3,
    "h_lambda": 0.005,
    "init_guess": "sqrsin",
    "init_guess_hf": "cos_set",
    "lf_aug_type": "z",
    "pcos": 4,
    "Em": 5,
    "propagation": {
      "pot_type": "none",
      "wf_type": "const",
      "hamil_type": "BH_model",
      "U": 5,
      "delta": 25,
      "Du": 1,
      "np": 1,
      "L": 1.0,
      "nch": 8,
      "t0": 0.0,
      "E0": 40.0,
      "nt": 3500,
      "T": { "@SUBST:LIST":
        [
           1.0E-13,  1.5E-13,  2.0E-13,  2.5E-13,  
           3.0E-13,  3.5E-13,  4.0E-13,  4.5E-13,  
           5.0E-13,  5.5E-13,  6.0E-13,  6.5E-13,  
           7.0E-13,  7.5E-13,  8.0E-13,  8.5E-13,  
           9.0E-13,  9.5E-13, 10.0E-13, 10.5E-13,  
          11.0E-13, 11.5E-13, 12.0E-13, 12.5E-13,  
          13.0E-13, 13.5E-13, 14.0E-13, 14.5E-13,  
          15.0E-13, 15.5E-13, 16.0E-13, 16.5E-13,  
          17.0E-13, 17.5E-13, 18.0E-13, 18.5E-13
        ]
      },
      "sigma": 6.671270E-13,
      "nu_L": 0.299793E14
    },
    "mod_log": 500
  }
}

